sample_id,language,speaker_num,sex,age,birth_place,native_language,other_languages,age_of_english_onset,english_learning_method,english_residence,length_english_residence_years,has_ipa,page_url,audio_url,tier,selection_note
dutch28,dutch,28,male,22.0,"antwerp, belgium",dutch,french german,8.0,naturalistic,N/A,0.0,True,https://accent.gmu.edu/samples/dutch28/,https://accent.gmu.edu/audio/dutch28.mp3,primary,residence 0y
dutch2,dutch,2,male,41.0,"amsterdam, netherlands",dutch,french german,14.0,academic,uk,0.1,True,https://accent.gmu.edu/samples/dutch2/,https://accent.gmu.edu/audio/dutch2.mp3,primary,residence 0.1y
dutch29,dutch,29,male,29.0,"ede, netherlands",dutch,german french,7.0,academic,N/A,0.0,True,https://accent.gmu.edu/samples/dutch29/,https://accent.gmu.edu/audio/dutch29.mp3,primary,residence 0y
dutch40,dutch,40,male,25.0,"dordrecht, netherlands",dutch,german french,9.0,academic,N/A,0.0,True,https://accent.gmu.edu/samples/dutch40/,https://accent.gmu.edu/audio/dutch40.mp3,primary,residence 0y
dutch32,dutch,32,male,21.0,"brasschaat, belgium",dutch,french german spanish,14.0,academic,N/A,0.0,True,https://accent.gmu.edu/samples/dutch32/,https://accent.gmu.edu/audio/dutch32.mp3,primary,residence 0y
dutch3,dutch,3,male,19.0,"alkmaar, netherlands",dutch,german esperanto,6.0,academic,N/A,0.0,True,https://accent.gmu.edu/samples/dutch3/,https://accent.gmu.edu/audio/dutch3.mp3,primary,residence 0y
dutch50,dutch,50,male,35.0,"tilburg, netherlands",dutch,frisian afrikaans german french esperanto,9.5,academic,N/A,0.0,False,https://accent.gmu.edu/samples/dutch50/,https://accent.gmu.edu/audio/dutch50.mp3,primary,residence 0y
dutch10,dutch,10,male,39.0,"essen, belgium",dutch,french german,12.0,naturalistic,N/A,0.0,True,https://accent.gmu.edu/samples/dutch10/,https://accent.gmu.edu/audio/dutch10.mp3,primary,residence 0y
dutch43,dutch,43,male,21.0,"rotterdam, netherlands",dutch,french german,11.0,academic,usa,0.5,False,https://accent.gmu.edu/samples/dutch43/,https://accent.gmu.edu/audio/dutch43.mp3,primary,residence 0.5y
dutch4,dutch,4,male,18.0,"bilzen, flanders, belgium",dutch,french,10.0,academic,N/A,0.0,True,https://accent.gmu.edu/samples/dutch4/,https://accent.gmu.edu/audio/dutch4.mp3,primary,residence 0y
dutch45,dutch,45,male,22.0,"sint niklaas, belgium",dutch,french latin german spanish hebrew,2.0,naturalistic,N/A,0.0,False,https://accent.gmu.edu/samples/dutch45/,https://accent.gmu.edu/audio/dutch45.mp3,primary,residence 0y
dutch18,dutch,18,male,23.0,"antwerp, belgium",dutch,french,14.0,academic,N/A,0.0,True,https://accent.gmu.edu/samples/dutch18/,https://accent.gmu.edu/audio/dutch18.mp3,primary,residence 0y
dutch7,dutch,7,male,68.0,"amsterdam, netherlands",dutch,german french,10.0,academic,usa,4.0,True,https://accent.gmu.edu/samples/dutch7/,https://accent.gmu.edu/audio/dutch7.mp3,primary,residence 4y
dutch23,dutch,23,male,23.0,"antwerp, belgium",dutch,french german,13.0,academic,N/A,0.0,True,https://accent.gmu.edu/samples/dutch23/,https://accent.gmu.edu/audio/dutch23.mp3,primary,residence 0y
dutch1,dutch,1,male,38.0,"nijmegen, netherlands",dutch,german,13.0,academic,uk,0.1,True,https://accent.gmu.edu/samples/dutch1/,https://accent.gmu.edu/audio/dutch1.mp3,primary,residence 0.1y
dutch12,dutch,12,male,36.0,"oosterbeek, netherlands",dutch,german french,10.0,academic,usa,0.5,True,https://accent.gmu.edu/samples/dutch12/,https://accent.gmu.edu/audio/dutch12.mp3,primary,residence 0.5y
dutch41,dutch,41,male,41.0,"deventer, netherlands",dutch,french german,13.0,academic,usa,3.0,True,https://accent.gmu.edu/samples/dutch41/,https://accent.gmu.edu/audio/dutch41.mp3,primary,residence 3y
dutch11,dutch,11,male,41.0,"brugge, belgium",dutch,french german italian czech,14.0,academic,usa,5.0,True,https://accent.gmu.edu/samples/dutch11/,https://accent.gmu.edu/audio/dutch11.mp3,relaxed_residence,residence 5y (over 5y threshold)
dutch48,dutch,48,male,50.0,"zwolle, netherlands",dutch,german french,12.0,academic,usa,6.0,False,https://accent.gmu.edu/samples/dutch48/,https://accent.gmu.edu/audio/dutch48.mp3,relaxed_residence,residence 6y (over 5y threshold)
dutch15,dutch,15,male,23.0,"nunspeet, netherlands",dutch,afrikaans low saxon,10.0,naturalistic,south africa,9.0,True,https://accent.gmu.edu/samples/dutch15/,https://accent.gmu.edu/audio/dutch15.mp3,relaxed_residence,residence 9y (over 5y threshold)
dutch24,dutch,24,female,23.0,"seoul, south korea",dutch,none,14.0,academic,N/A,0.0,True,https://accent.gmu.edu/samples/dutch24/,https://accent.gmu.edu/audio/dutch24.mp3,primary,residence 0y
dutch54,dutch,54,female,28.0,"ghent, belgium",dutch,none,14.0,academic,usa,0.2,False,https://accent.gmu.edu/samples/dutch54/,https://accent.gmu.edu/audio/dutch54.mp3,primary,residence 0.2y
dutch13,dutch,13,female,33.0,"zwolle, netherlands",dutch,german spanish chinese,10.0,academic,usa,0.5,True,https://accent.gmu.edu/samples/dutch13/,https://accent.gmu.edu/audio/dutch13.mp3,primary,residence 0.5y
dutch22,dutch,22,female,23.0,"essen, belgium",dutch,french german,13.0,academic,N/A,0.0,True,https://accent.gmu.edu/samples/dutch22/,https://accent.gmu.edu/audio/dutch22.mp3,primary,residence 0y
dutch33,dutch,33,female,22.0,"mechelen, belgium",dutch,french,9.0,naturalistic,N/A,0.0,True,https://accent.gmu.edu/samples/dutch33/,https://accent.gmu.edu/audio/dutch33.mp3,primary,residence 0y
dutch38,dutch,38,female,21.0,"beveren, belgium",dutch,french german,12.0,academic,N/A,0.0,True,https://accent.gmu.edu/samples/dutch38/,https://accent.gmu.edu/audio/dutch38.mp3,primary,residence 0y
dutch36,dutch,36,female,21.0,"turnhout, belgium",dutch,french german swedish,12.0,academic,N/A,0.0,True,https://accent.gmu.edu/samples/dutch36/,https://accent.gmu.edu/audio/dutch36.mp3,primary,residence 0y
dutch17,dutch,17,female,21.0,"wilrijk, belgium",dutch,french spanish german,12.0,academic,N/A,0.0,True,https://accent.gmu.edu/samples/dutch17/,https://accent.gmu.edu/audio/dutch17.mp3,primary,residence 0y
dutch8,dutch,8,female,35.0,"alphen aan de ryn, netherlands",dutch,spanish german french,12.0,academic,usa,0.1,True,https://accent.gmu.edu/samples/dutch8/,https://accent.gmu.edu/audio/dutch8.mp3,primary,residence 0.1y
dutch47,dutch,47,female,37.0,"gouda, netherlands",dutch,german french italian spanish,11.0,academic,"usa, uk, australia, south africa",2.5,False,https://accent.gmu.edu/samples/dutch47/,https://accent.gmu.edu/audio/dutch47.mp3,primary,residence 2.5y
dutch16,dutch,16,female,23.0,"antwerp, belgium",dutch,french german,12.0,academic,N/A,0.0,True,https://accent.gmu.edu/samples/dutch16/,https://accent.gmu.edu/audio/dutch16.mp3,primary,residence 0y
dutch27,dutch,27,female,21.0,"antwerp, belgium",dutch,french german,13.0,academic,usa,1.0,True,https://accent.gmu.edu/samples/dutch27/,https://accent.gmu.edu/audio/dutch27.mp3,primary,residence 1y
dutch26,dutch,26,female,23.0,"turnhout, belgium",dutch,french german italian,13.0,academic,N/A,0.0,True,https://accent.gmu.edu/samples/dutch26/,https://accent.gmu.edu/audio/dutch26.mp3,primary,residence 0y
dutch44,dutch,44,female,21.0,"antwerp, belgium",dutch,german french spanish,12.0,academic,N/A,0.0,False,https://accent.gmu.edu/samples/dutch44/,https://accent.gmu.edu/audio/dutch44.mp3,primary,residence 0y
dutch21,dutch,21,female,21.0,"diest, belgium",dutch,french,13.0,academic,N/A,0.0,True,https://accent.gmu.edu/samples/dutch21/,https://accent.gmu.edu/audio/dutch21.mp3,primary,residence 0y
dutch19,dutch,19,female,22.0,"heist-op-den-berg, belgium",dutch,french spanish,11.0,academic,N/A,0.0,True,https://accent.gmu.edu/samples/dutch19/,https://accent.gmu.edu/audio/dutch19.mp3,primary,residence 0y
dutch31,dutch,31,female,23.0,"antwerp, belgium",dutch,french,13.0,academic,N/A,0.0,True,https://accent.gmu.edu/samples/dutch31/,https://accent.gmu.edu/audio/dutch31.mp3,primary,residence 0y
dutch9,dutch,9,female,68.0,"almelo, netherlands",dutch,german french,12.0,academic,usa,3.0,True,https://accent.gmu.edu/samples/dutch9/,https://accent.gmu.edu/audio/dutch9.mp3,primary,residence 3y
dutch46,dutch,46,female,22.0,"hulshout, belgium",dutch,french german,12.0,academic,N/A,0.0,False,https://accent.gmu.edu/samples/dutch46/,https://accent.gmu.edu/audio/dutch46.mp3,primary,residence 0y
dutch14,dutch,14,female,35.0,"zwolle, netherlands",dutch,german french italian,12.0,academic,N/A,0.0,True,https://accent.gmu.edu/samples/dutch14/,https://accent.gmu.edu/audio/dutch14.mp3,primary,residence 0y
mandarin89,mandarin,89,male,19.0,"taiyuan, shanxi, china",mandarin,none,12.0,academic,usa,1.0,False,https://accent.gmu.edu/samples/mandarin89/,https://accent.gmu.edu/audio/mandarin89.mp3,primary,residence 1y
mandarin30,mandarin,30,male,27.0,"taipei, taiwan",mandarin,none,13.0,academic,usa,1.0,False,https://accent.gmu.edu/samples/mandarin30/,https://accent.gmu.edu/audio/mandarin30.mp3,primary,residence 1y
mandarin9,mandarin,9,male,38.0,"shanghai, china",mandarin,none,12.0,academic,usa,2.0,True,https://accent.gmu.edu/samples/mandarin9/,https://accent.gmu.edu/audio/mandarin9.mp3,primary,residence 2y
mandarin68,mandarin,68,male,23.0,"dongyang, zhejiang, china",mandarin,none,10.0,academic,N/A,0.0,False,https://accent.gmu.edu/samples/mandarin68/,https://accent.gmu.edu/audio/mandarin68.mp3,primary,residence 0y
mandarin88,mandarin,88,male,23.0,"anqing, anhui, china",mandarin,japanese,8.0,academic,N/A,0.0,False,https://accent.gmu.edu/samples/mandarin88/,https://accent.gmu.edu/audio/mandarin88.mp3,primary,residence 0y
mandarin50,mandarin,50,male,25.0,"hsinchu, taiwan",mandarin,taiwanese,9.0,academic,usa,0.2,False,https://accent.gmu.edu/samples/mandarin50/,https://accent.gmu.edu/audio/mandarin50.mp3,primary,residence 0.2y
mandarin69,mandarin,69,male,22.0,"taizhou, jiangsu, china",mandarin,german,12.0,academic,N/A,0.0,False,https://accent.gmu.edu/samples/mandarin69/,https://accent.gmu.edu/audio/mandarin69.mp3,primary,residence 0y
mandarin144,mandarin,144,male,20.0,"wuhu, anhui, china",mandarin,none,10.0,academic,usa,0.1,False,https://accent.gmu.edu/samples/mandarin144/,https://accent.gmu.edu/audio/mandarin144.mp3,primary,residence 0.1y
mandarin57,mandarin,57,male,20.0,"shanghai, china",mandarin,cantonese,12.0,academic,uk,0.2,False,https://accent.gmu.edu/samples/mandarin57/,https://accent.gmu.edu/audio/mandarin57.mp3,primary,residence 0.2y
mandarin91,mandarin,91,male,22.0,"tongcheng, anhui, china",mandarin,none,13.0,academic,N/A,0.0,False,https://accent.gmu.edu/samples/mandarin91/,https://accent.gmu.edu/audio/mandarin91.mp3,primary,residence 0y
mandarin80,mandarin,80,male,21.0,"xi’an, shanxi, china",mandarin,none,10.0,academic,usa,1.0,False,https://accent.gmu.edu/samples/mandarin80/,https://accent.gmu.edu/audio/mandarin80.mp3,primary,residence 1y
mandarin17,mandarin,17,male,26.0,"wuhan, hubei, china",mandarin,none,13.0,academic,canada,2.0,True,https://accent.gmu.edu/samples/mandarin17/,https://accent.gmu.edu/audio/mandarin17.mp3,primary,residence 2y
mandarin123,mandarin,123,male,21.0,"chengdu, sichuan, china",mandarin,none,6.0,academic,usa,1.0,False,https://accent.gmu.edu/samples/mandarin123/,https://accent.gmu.edu/audio/mandarin123.mp3,primary,residence 1y
mandarin44,mandarin,44,male,21.0,"hangzhou, zhejiang, china",mandarin,none,16.0,academic,usa,1.5,False,https://accent.gmu.edu/samples/mandarin44/,https://accent.gmu.edu/audio/mandarin44.mp3,primary,residence 1.5y
mandarin10,mandarin,10,male,19.0,"beijing, china",mandarin,none,3.0,academic,south africa,3.75,True,https://accent.gmu.edu/samples/mandarin10/,https://accent.gmu.edu/audio/mandarin10.mp3,primary,residence 3.75y
mandarin113,mandarin,113,male,29.0,"hohhot, inner mongolia, china",mandarin,none,10.0,academic,usa,0.8,False,https://accent.gmu.edu/samples/mandarin113/,https://accent.gmu.edu/audio/mandarin113.mp3,primary,residence 0.8y
mandarin51,mandarin,51,male,25.0,"tianjin, hebei, china",mandarin,none,10.0,academic,usa,2.0,True,https://accent.gmu.edu/samples/mandarin51/,https://accent.gmu.edu/audio/mandarin51.mp3,primary,residence 2y
mandarin126,mandarin,126,male,24.0,"yulin, shanxi, china",mandarin,italian,8.0,academic,usa,2.0,False,https://accent.gmu.edu/samples/mandarin126/,https://accent.gmu.edu/audio/mandarin126.mp3,primary,residence 2y
mandarin27,mandarin,27,male,18.0,"chengdu, sichuan, china",mandarin,none,15.0,academic,usa,3.0,True,https://accent.gmu.edu/samples/mandarin27/,https://accent.gmu.edu/audio/mandarin27.mp3,primary,residence 3y
mandarin112,mandarin,112,male,26.0,"tianjin, china",mandarin,none,6.0,academic,usa,0.8,False,https://accent.gmu.edu/samples/mandarin112/,https://accent.gmu.edu/audio/mandarin112.mp3,primary,residence 0.8y
mandarin147,mandarin,147,female,19.0,"nanyang, henan, china",mandarin,none,9.0,academic,usa,0.1,False,https://accent.gmu.edu/samples/mandarin147/,https://accent.gmu.edu/audio/mandarin147.mp3,primary,residence 0.1y
mandarin42,mandarin,42,female,47.0,"yanbian, jilin, china",mandarin,none,16.0,academic,N/A,0.0,True,https://accent.gmu.edu/samples/mandarin42/,https://accent.gmu.edu/audio/mandarin42.mp3,primary,residence 0y
mandarin41,mandarin,41,female,34.0,"songyuan, jilin, china",mandarin,none,13.0,academic,N/A,0.0,False,https://accent.gmu.edu/samples/mandarin41/,https://accent.gmu.edu/audio/mandarin41.mp3,primary,residence 0y
mandarin118,mandarin,118,female,24.0,"xi’an, shanxi, china",mandarin,none,9.0,academic,usa,1.0,False,https://accent.gmu.edu/samples/mandarin118/,https://accent.gmu.edu/audio/mandarin118.mp3,primary,residence 1y
mandarin25,mandarin,25,female,28.0,"wuxi, jiangsu, china",mandarin,german,13.0,academic,usa,0.8,True,https://accent.gmu.edu/samples/mandarin25/,https://accent.gmu.edu/audio/mandarin25.mp3,primary,residence 0.8y
mandarin154,mandarin,154,female,22.0,"taipei, taiwan",mandarin,none,4.0,academic,usa,0.2,False,https://accent.gmu.edu/samples/mandarin154/,https://accent.gmu.edu/audio/mandarin154.mp3,primary,residence 0.2y
mandarin38,mandarin,38,female,33.0,"changsha, hunan, china",mandarin,none,12.0,academic,"australia, usa",0.1,False,https://accent.gmu.edu/samples/mandarin38/,https://accent.gmu.edu/audio/mandarin38.mp3,primary,residence 0.1y
mandarin104,mandarin,104,female,29.0,"beijing, china",mandarin,none,7.0,academic,usa,2.0,False,https://accent.gmu.edu/samples/mandarin104/,https://accent.gmu.edu/audio/mandarin104.mp3,primary,residence 2y
mandarin138,mandarin,138,female,21.0,"chongqing, china",mandarin,none,7.0,academic,usa,0.1,False,https://accent.gmu.edu/samples/mandarin138/,https://accent.gmu.edu/audio/mandarin138.mp3,primary,residence 0.1y
mandarin92,mandarin,92,female,23.0,"huai’an, jiangsu, china",mandarin,none,10.0,academic,N/A,0.0,False,https://accent.gmu.edu/samples/mandarin92/,https://accent.gmu.edu/audio/mandarin92.mp3,primary,residence 0y
mandarin15,mandarin,15,female,28.0,"tainan, taiwan",mandarin,french swedish japanese,11.0,academic,"new zealand, usa, uk",4.0,True,https://accent.gmu.edu/samples/mandarin15/,https://accent.gmu.edu/audio/mandarin15.mp3,primary,residence 4y
mandarin99,mandarin,99,female,26.0,"nanchang, jiangxi, china",mandarin,none,9.0,academic,uk,1.0,False,https://accent.gmu.edu/samples/mandarin99/,https://accent.gmu.edu/audio/mandarin99.mp3,primary,residence 1y
mandarin143,mandarin,143,female,25.0,"fuyang, anhui, china",mandarin,none,10.0,academic,usa,0.2,False,https://accent.gmu.edu/samples/mandarin143/,https://accent.gmu.edu/audio/mandarin143.mp3,primary,residence 0.2y
mandarin156,mandarin,156,female,37.0,"kaohsiung, taiwan",mandarin,taiwanese,12.0,academic,usa,1.0,False,https://accent.gmu.edu/samples/mandarin156/,https://accent.gmu.edu/audio/mandarin156.mp3,primary,residence 1y
mandarin87,mandarin,87,female,22.0,"lanzhou, gansu, china",mandarin,none,7.0,academic,usa,1.0,False,https://accent.gmu.edu/samples/mandarin87/,https://accent.gmu.edu/audio/mandarin87.mp3,primary,residence 1y
mandarin83,mandarin,83,female,26.0,"zhengzhou, henan, china",mandarin,none,12.0,academic,usa,1.0,False,https://accent.gmu.edu/samples/mandarin83/,https://accent.gmu.edu/audio/mandarin83.mp3,primary,residence 1y
mandarin26,mandarin,26,female,31.0,"emei, sichuan, china",mandarin,none,12.0,academic,usa,3.0,True,https://accent.gmu.edu/samples/mandarin26/,https://accent.gmu.edu/audio/mandarin26.mp3,primary,residence 3y
mandarin146,mandarin,146,female,24.0,"xi’an, shanxi, china",mandarin,none,6.0,academic,usa,2.0,False,https://accent.gmu.edu/samples/mandarin146/,https://accent.gmu.edu/audio/mandarin146.mp3,primary,residence 2y
mandarin100,mandarin,100,female,25.0,"wuhan, hubei, china",mandarin,none,13.0,academic,N/A,0.0,False,https://accent.gmu.edu/samples/mandarin100/,https://accent.gmu.edu/audio/mandarin100.mp3,primary,residence 0y
mandarin39,mandarin,39,female,24.0,"tie ling, liaoning, china",mandarin,russian,12.0,academic,N/A,0.0,False,https://accent.gmu.edu/samples/mandarin39/,https://accent.gmu.edu/audio/mandarin39.mp3,primary,residence 0y
hindi23,hindi,23,male,25.0,"raj nagar, rajasthan, india",hindi,marathi gujarati,3.0,academic,usa,0.3,False,https://accent.gmu.edu/samples/hindi23/,https://accent.gmu.edu/audio/hindi23.mp3,primary,residence 0.3y
hindi21,hindi,21,male,26.0,"faridabad, haryana, india",hindi,none,4.0,academic,usa,1.0,False,https://accent.gmu.edu/samples/hindi21/,https://accent.gmu.edu/audio/hindi21.mp3,primary,residence 1y
hindi16,hindi,16,male,25.0,"new delhi, india",hindi,russian,5.0,academic,usa,4.0,False,https://accent.gmu.edu/samples/hindi16/,https://accent.gmu.edu/audio/hindi16.mp3,primary,residence 4y
hindi28,hindi,28,male,21.0,"patna, india",hindi,none,5.0,academic,N/A,0.0,False,https://accent.gmu.edu/samples/hindi28/,https://accent.gmu.edu/audio/hindi28.mp3,primary,residence 0y
hindi25,hindi,25,male,24.0,"pune, maharashtra, india",hindi,marathi,6.0,academic,usa,1.0,False,https://accent.gmu.edu/samples/hindi25/,https://accent.gmu.edu/audio/hindi25.mp3,primary,residence 1y
hindi1,hindi,1,male,27.0,"nagpur, maharashtra, india",hindi,marathi punjabi,2.0,academic,"uk,usa",3.5,True,https://accent.gmu.edu/samples/hindi1/,https://accent.gmu.edu/audio/hindi1.mp3,primary,residence 3.5y
hindi26,hindi,26,male,25.0,"kolkata, west bengal, india",hindi,bengali punjabi,6.0,academic,usa,0.6,False,https://accent.gmu.edu/samples/hindi26/,https://accent.gmu.edu/audio/hindi26.mp3,primary,residence 0.6y
hindi29,hindi,29,male,24.0,"chennai, tamil nadu, india",hindi,telugu kannada gujarati,3.0,academic,usa,0.5,False,https://accent.gmu.edu/samples/hindi29/,https://accent.gmu.edu/audio/hindi29.mp3,primary,residence 0.5y
hindi22,hindi,22,male,28.0,"meerut, uttar pradesh, india",hindi,none,5.0,academic,usa,1.0,False,https://accent.gmu.edu/samples/hindi22/,https://accent.gmu.edu/audio/hindi22.mp3,primary,residence 1y
hindi27,hindi,27,male,22.0,"surat, gujarat, india",hindi,gujarati french marwari,5.0,academic,usa,0.3,False,https://accent.gmu.edu/samples/hindi27/,https://accent.gmu.edu/audio/hindi27.mp3,primary,residence 0.3y
hindi20,hindi,20,male,27.0,"hazaribagh, jharkhand, india",hindi,punjabi kannada,4.0,academic,usa,0.1,False,https://accent.gmu.edu/samples/hindi20/,https://accent.gmu.edu/audio/hindi20.mp3,primary,residence 0.1y
hindi8,hindi,8,male,19.0,"imphal, india",hindi,punjabi,8.0,academic,usa,0.75,True,https://accent.gmu.edu/samples/hindi8/,https://accent.gmu.edu/audio/hindi8.mp3,primary,residence 0.75y
hindi34,hindi,34,male,29.0,"pune, india",hindi,tamil marathi,5.0,academic,N/A,0.0,False,https://accent.gmu.edu/samples/hindi34/,https://accent.gmu.edu/audio/hindi34.mp3,primary,residence 0y
hindi11,hindi,11,male,20.0,"chandigarh, india",hindi,punjabi,4.0,academic,usa,7.0,False,https://accent.gmu.edu/samples/hindi11/,https://accent.gmu.edu/audio/hindi11.mp3,relaxed_residence,residence 7y (over 5y threshold)
hindi2,hindi,2,male,31.0,"hyderabad, india",hindi,french,3.0,academic,"usa, canada",8.0,True,https://accent.gmu.edu/samples/hindi2/,https://accent.gmu.edu/audio/hindi2.mp3,relaxed_residence,residence 8y (over 5y threshold)
hindi9,hindi,9,male,31.0,"durgapur, west bengal, india",hindi,bengali,4.0,academic,usa,8.0,True,https://accent.gmu.edu/samples/hindi9/,https://accent.gmu.edu/audio/hindi9.mp3,relaxed_residence,residence 8y (over 5y threshold)
hindi19,hindi,19,male,19.0,"irving, texas, usa",hindi,german japanese latin old english,0.0,naturalistic,usa,19.0,False,https://accent.gmu.edu/samples/hindi19/,https://accent.gmu.edu/audio/hindi19.mp3,relaxed_residence,residence 19y (over 5y threshold)
hindi3,hindi,3,male,42.0,"jalandhar, india",hindi,punjabi urdu,5.0,academic,usa,25.0,True,https://accent.gmu.edu/samples/hindi3/,https://accent.gmu.edu/audio/hindi3.mp3,relaxed_residence,residence 25y (over 5y threshold)
hindi14,hindi,14,male,53.0,"new delhi, india",hindi,none,12.0,academic,usa,25.0,False,https://accent.gmu.edu/samples/hindi14/,https://accent.gmu.edu/audio/hindi14.mp3,relaxed_residence,residence 25y (over 5y threshold)
hindi4,hindi,4,female,28.0,"bhilwara, rajisthan, india",hindi,rajasthani gujarati punjabi tamil telugu,14.0,academic,usa,2.0,True,https://accent.gmu.edu/samples/hindi4/,https://accent.gmu.edu/audio/hindi4.mp3,primary,residence 2y
hindi6,hindi,6,female,27.0,"new delhi, india",hindi,punjabi,4.0,academic,usa,1.0,True,https://accent.gmu.edu/samples/hindi6/,https://accent.gmu.edu/audio/hindi6.mp3,primary,residence 1y
hindi15,hindi,15,female,23.0,"new delhi, india",hindi,german,1.0,naturalistic,usa,1.0,False,https://accent.gmu.edu/samples/hindi15/,https://accent.gmu.edu/audio/hindi15.mp3,primary,residence 1y
hindi30,hindi,30,female,37.0,"ludhiana, india",hindi,urdu punjabi,5.0,academic,usa,2.5,False,https://accent.gmu.edu/samples/hindi30/,https://accent.gmu.edu/audio/hindi30.mp3,primary,residence 2.5y
hindi12,hindi,12,female,25.0,"allahabad, india",hindi,none,4.0,academic,usa,4.0,False,https://accent.gmu.edu/samples/hindi12/,https://accent.gmu.edu/audio/hindi12.mp3,primary,residence 4y
hindi24,hindi,24,female,23.0,"jamshedpur, jharkhand, india",hindi,none,2.0,naturalistic,usa,0.5,False,https://accent.gmu.edu/samples/hindi24/,https://accent.gmu.edu/audio/hindi24.mp3,primary,residence 0.5y
hindi32,hindi,32,female,27.0,"new delhi, india",hindi,none,9.0,academic,usa,1.0,False,https://accent.gmu.edu/samples/hindi32/,https://accent.gmu.edu/audio/hindi32.mp3,primary,residence 1y
hindi18,hindi,18,female,21.0,"new delhi, india",hindi,punjabi gujarati sanskrit,5.0,academic,usa,0.4,False,https://accent.gmu.edu/samples/hindi18/,https://accent.gmu.edu/audio/hindi18.mp3,primary,residence 0.4y
hindi13,hindi,13,female,43.0,"jaipur, india",hindi,rajasthani garhwali,13.0,academic,usa,0.1,False,https://accent.gmu.edu/samples/hindi13/,https://accent.gmu.edu/audio/hindi13.mp3,primary,residence 0.1y
hindi10,hindi,10,female,19.0,"new delhi, india",hindi,french,10.5,naturalistic,usa,8.0,True,https://accent.gmu.edu/samples/hindi10/,https://accent.gmu.edu/audio/hindi10.mp3,relaxed_residence,residence 8y (over 5y threshold)
hindi31,hindi,31,female,36.0,"rajkot, gujarat, india",hindi,gujarati,5.0,academic,usa,13.0,False,https://accent.gmu.edu/samples/hindi31/,https://accent.gmu.edu/audio/hindi31.mp3,relaxed_residence,residence 13y (over 5y threshold)
hindi17,hindi,17,female,47.0,"new delhi, india",hindi,none,3.0,academic,usa,24.0,False,https://accent.gmu.edu/samples/hindi17/,https://accent.gmu.edu/audio/hindi17.mp3,relaxed_residence,residence 24y (over 5y threshold)
hindi7,hindi,7,female,60.0,"allahabad, utter pardesh, india",hindi,bengali urdu,5.0,academic,usa,30.0,True,https://accent.gmu.edu/samples/hindi7/,https://accent.gmu.edu/audio/hindi7.mp3,relaxed_residence,residence 30y (over 5y threshold)
hindi33,hindi,33,female,44.0,"hyderabad, india",hindi,telugu arabic french greek sanskrit,6.0,naturalistic,"uk, canada, usa",30.0,False,https://accent.gmu.edu/samples/hindi33/,https://accent.gmu.edu/audio/hindi33.mp3,relaxed_residence,residence 30y (over 5y threshold)
hindi5,hindi,5,female,64.0,"hubballi, karnataka, india",hindi,sanskrit pali,10.0,academic,usa,40.0,True,https://accent.gmu.edu/samples/hindi5/,https://accent.gmu.edu/audio/hindi5.mp3,relaxed_residence,residence 40y (over 5y threshold)
arabic117,arabic,117,male,40.0,"al ras, saudi arabia",arabic,none,37.0,academic,usa,3.0,False,https://accent.gmu.edu/samples/arabic117/,https://accent.gmu.edu/audio/arabic117.mp3,primary,residence 3y
arabic118,arabic,118,male,40.0,"riyadh, saudi arabia",arabic,none,13.0,academic,"australia, usa",3.0,False,https://accent.gmu.edu/samples/arabic118/,https://accent.gmu.edu/audio/arabic118.mp3,primary,residence 3y
arabic82,arabic,82,male,42.0,"damascus, syria",arabic,none,12.0,academic,usa,0.3,True,https://accent.gmu.edu/samples/arabic82/,https://accent.gmu.edu/audio/arabic82.mp3,primary,residence 0.3y
arabic144,arabic,144,male,32.0,"laayoune, morocco",arabic,french,29.0,academic,usa,3.0,False,https://accent.gmu.edu/samples/arabic144/,https://accent.gmu.edu/audio/arabic144.mp3,primary,residence 3y
arabic155,arabic,155,male,28.0,"buraydah, saudi arabia",arabic,none,15.0,academic,"usa, canada",1.5,False,https://accent.gmu.edu/samples/arabic155/,https://accent.gmu.edu/audio/arabic155.mp3,primary,residence 1.5y
arabic50,arabic,50,male,36.0,"jiddah, saudi arabia",arabic,none,22.0,academic,usa,0.75,True,https://accent.gmu.edu/samples/arabic50/,https://accent.gmu.edu/audio/arabic50.mp3,primary,residence 0.75y
arabic180,arabic,180,male,18.0,"riyadh, saudi arabia",arabic,none,12.0,academic,usa,1.0,False,https://accent.gmu.edu/samples/arabic180/,https://accent.gmu.edu/audio/arabic180.mp3,primary,residence 1y
arabic28,arabic,28,male,30.0,"al-ayn, united arab emirates",arabic,none,12.0,academic,usa,1.0,True,https://accent.gmu.edu/samples/arabic28/,https://accent.gmu.edu/audio/arabic28.mp3,primary,residence 1y
arabic131,arabic,131,male,20.0,"riyadh, saudi arabia",arabic,none,17.0,academic,usa,4.0,False,https://accent.gmu.edu/samples/arabic131/,https://accent.gmu.edu/audio/arabic131.mp3,primary,residence 4y
arabic42,arabic,42,male,21.0,"jiddah, saudi arabia",arabic,none,13.0,academic,usa,0.5,True,https://accent.gmu.edu/samples/arabic42/,https://accent.gmu.edu/audio/arabic42.mp3,primary,residence 0.5y
arabic181,arabic,181,male,19.0,"riyadh, saudi arabia",arabic,none,12.0,academic,usa,0.2,False,https://accent.gmu.edu/samples/arabic181/,https://accent.gmu.edu/audio/arabic181.mp3,primary,residence 0.2y
arabic154,arabic,154,male,64.0,"baha, saudi arabia",arabic,none,12.0,academic,usa,3.5,False,https://accent.gmu.edu/samples/arabic154/,https://accent.gmu.edu/audio/arabic154.mp3,primary,residence 3.5y
arabic2,arabic,2,male,18.0,"damascus, syria",arabic,none,2.5,naturalistic,usa,3.0,True,https://accent.gmu.edu/samples/arabic2/,https://accent.gmu.edu/audio/arabic2.mp3,primary,residence 3y
arabic178,arabic,178,male,57.0,"jiddah, saudi arabia",arabic,none,18.0,academic,usa,1.0,False,https://accent.gmu.edu/samples/arabic178/,https://accent.gmu.edu/audio/arabic178.mp3,primary,residence 1y
arabic74,arabic,74,male,18.0,"alexandria, egypt",arabic,french,4.0,academic,usa,0.4,False,https://accent.gmu.edu/samples/arabic74/,https://accent.gmu.edu/audio/arabic74.mp3,primary,residence 0.4y
arabic46,arabic,46,male,28.0,"jiddah, saudi arabia",arabic,none,13.0,academic,"uk, usa",1.0,True,https://accent.gmu.edu/samples/arabic46/,https://accent.gmu.edu/audio/arabic46.mp3,primary,residence 1y
arabic6,arabic,6,male,21.0,"sanaa, yemen",arabic,none,14.5,academic,"uk,usa",2.0,True,https://accent.gmu.edu/samples/arabic6/,https://accent.gmu.edu/audio/arabic6.mp3,primary,residence 2y
arabic54,arabic,54,male,22.0,"baghdad, iraq",arabic,french,7.0,academic,usa,3.0,False,https://accent.gmu.edu/samples/arabic54/,https://accent.gmu.edu/audio/arabic54.mp3,primary,residence 3y
arabic101,arabic,101,male,21.0,"doha, qatar",arabic,none,10.0,academic,usa,2.0,False,https://accent.gmu.edu/samples/arabic101/,https://accent.gmu.edu/audio/arabic101.mp3,primary,residence 2y
arabic10,arabic,10,male,26.0,"cairo, egypt",arabic,french german,5.0,academic,usa,2.0,True,https://accent.gmu.edu/samples/arabic10/,https://accent.gmu.edu/audio/arabic10.mp3,primary,residence 2y
arabic43,arabic,43,female,29.0,"beirut, lebanon",arabic,french spanish,8.0,academic,N/A,0.0,True,https://accent.gmu.edu/samples/arabic43/,https://accent.gmu.edu/audio/arabic43.mp3,primary,residence 0y
arabic164,arabic,164,female,30.0,"sale, morocco",arabic,french,15.0,academic,usa,2.0,False,https://accent.gmu.edu/samples/arabic164/,https://accent.gmu.edu/audio/arabic164.mp3,primary,residence 2y
arabic149,arabic,149,female,26.0,"riyadh, saudi arabia",arabic,none,12.0,academic,usa,0.5,False,https://accent.gmu.edu/samples/arabic149/,https://accent.gmu.edu/audio/arabic149.mp3,primary,residence 0.5y
arabic88,arabic,88,female,19.0,"beirut, lebanon",arabic,french,4.0,academic,usa,3.0,False,https://accent.gmu.edu/samples/arabic88/,https://accent.gmu.edu/audio/arabic88.mp3,primary,residence 3y
arabic45,arabic,45,female,32.0,"fort collins, colorado, usa",arabic,turkish,12.0,naturalistic,usa,0.5,True,https://accent.gmu.edu/samples/arabic45/,https://accent.gmu.edu/audio/arabic45.mp3,primary,residence 0.5y
arabic87,arabic,87,female,49.0,"kuwait city, kuwait",arabic,turkish,10.0,academic,usa,0.5,False,https://accent.gmu.edu/samples/arabic87/,https://accent.gmu.edu/audio/arabic87.mp3,primary,residence 0.5y
arabic1,arabic,1,female,38.0,"riyadh, saudi arabia",arabic,none,12.0,academic,usa,4.0,True,https://accent.gmu.edu/samples/arabic1/,https://accent.gmu.edu/audio/arabic1.mp3,primary,residence 4y
arabic99,arabic,99,female,25.0,"ad dammam, saudi arabia",arabic,none,16.0,academic,usa,2.0,False,https://accent.gmu.edu/samples/arabic99/,https://accent.gmu.edu/audio/arabic99.mp3,primary,residence 2y
arabic140,arabic,140,female,26.0,"taif, saudi arabia",arabic,none,6.0,academic,usa,2.0,False,https://accent.gmu.edu/samples/arabic140/,https://accent.gmu.edu/audio/arabic140.mp3,primary,residence 2y
arabic90,arabic,90,female,23.0,"tripoli, libya",arabic,turkish,12.0,academic,usa,2.5,False,https://accent.gmu.edu/samples/arabic90/,https://accent.gmu.edu/audio/arabic90.mp3,primary,residence 2.5y
arabic113,arabic,113,female,20.0,"riyadh, saudi arabia",arabic,spanish,1.0,naturalistic,usa,4.0,False,https://accent.gmu.edu/samples/arabic113/,https://accent.gmu.edu/audio/arabic113.mp3,primary,residence 4y
arabic148,arabic,148,female,18.0,"taif, saudi arabia",arabic,none,12.0,academic,N/A,0.0,False,https://accent.gmu.edu/samples/arabic148/,https://accent.gmu.edu/audio/arabic148.mp3,primary,residence 0y
arabic143,arabic,143,female,20.0,"medina, saudi arabia",arabic,none,12.0,academic,usa,1.0,False,https://accent.gmu.edu/samples/arabic143/,https://accent.gmu.edu/audio/arabic143.mp3,primary,residence 1y
arabic116,arabic,116,female,30.0,"al ras, saudi arabia",arabic,none,13.0,academic,usa,4.0,False,https://accent.gmu.edu/samples/arabic116/,https://accent.gmu.edu/audio/arabic116.mp3,primary,residence 4y
arabic199,arabic,199,female,26.0,"kenitra, morocco",arabic,french,14.0,academic,usa,0.3,False,https://accent.gmu.edu/samples/arabic199/,https://accent.gmu.edu/audio/arabic199.mp3,primary,residence 0.3y
arabic133,arabic,133,female,24.0,"abha, saudi arabia",arabic,none,12.0,academic,N/A,0.0,False,https://accent.gmu.edu/samples/arabic133/,https://accent.gmu.edu/audio/arabic133.mp3,primary,residence 0y
arabic109,arabic,109,female,19.0,"riyadh, saudi arabia",arabic,none,10.0,academic,N/A,0.0,False,https://accent.gmu.edu/samples/arabic109/,https://accent.gmu.edu/audio/arabic109.mp3,primary,residence 0y
arabic189,arabic,189,female,18.0,"riyadh, saudi arabia",arabic,none,12.0,academic,usa,2.0,False,https://accent.gmu.edu/samples/arabic189/,https://accent.gmu.edu/audio/arabic189.mp3,primary,residence 2y
arabic84,arabic,84,female,26.0,"medina, saudi arabia",arabic,none,12.0,academic,usa,2.0,False,https://accent.gmu.edu/samples/arabic84/,https://accent.gmu.edu/audio/arabic84.mp3,primary,residence 2y
arabic157,arabic,157,female,38.0,"sanaa, yemen",arabic,none,6.0,academic,usa,2.0,False,https://accent.gmu.edu/samples/arabic157/,https://accent.gmu.edu/audio/arabic157.mp3,primary,residence 2y
bengali1,bengali,1,male,23.0,"dhaka, bangladesh",bengali,hindi-urdu,16.0,academic,usa,1.0,True,https://accent.gmu.edu/samples/bengali1/,https://accent.gmu.edu/audio/bengali1.mp3,primary,residence 1y
bengali14,bengali,14,male,26.0,"kolkata, india",bengali,none,4.0,N/A,N/A,0.0,False,https://accent.gmu.edu/samples/bengali14/,https://accent.gmu.edu/audio/bengali14.mp3,primary,residence 0y
bengali21,bengali,21,male,53.0,"sreepur, bangladesh",bengali,hindi,8.0,academic,usa,1.5,False,https://accent.gmu.edu/samples/bengali21/,https://accent.gmu.edu/audio/bengali21.mp3,primary,residence 1.5y
bengali20,bengali,20,male,23.0,"chittagong, bangladesh",bengali,hindi,5.0,academic,usa,3.5,False,https://accent.gmu.edu/samples/bengali20/,https://accent.gmu.edu/audio/bengali20.mp3,primary,residence 3.5y
bengali6,bengali,6,male,29.0,"jamshedpur, jharkhand, india",bengali,hindi,4.0,naturalistic,uk,2.0,True,https://accent.gmu.edu/samples/bengali6/,https://accent.gmu.edu/audio/bengali6.mp3,primary,residence 2y
bengali4,bengali,4,male,24.0,"chittagong, bangladesh",bengali,hindi-urdu spanish,6.0,academic,usa,5.0,True,https://accent.gmu.edu/samples/bengali4/,https://accent.gmu.edu/audio/bengali4.mp3,relaxed_residence,residence 5y (over 5y threshold)
bengali7,bengali,7,male,49.0,"mymensingh, bangladesh",bengali,hindi urdu,6.0,academic,usa,5.5,True,https://accent.gmu.edu/samples/bengali7/,https://accent.gmu.edu/audio/bengali7.mp3,relaxed_residence,residence 5.5y (over 5y threshold)
bengali11,bengali,11,male,34.0,"durgapur, west bengal, india",bengali,hindi,3.5,academic,usa,8.0,True,https://accent.gmu.edu/samples/bengali11/,https://accent.gmu.edu/audio/bengali11.mp3,relaxed_residence,residence 8y (over 5y threshold)
bengali8,bengali,8,male,54.0,"noakhali, bangladesh",bengali,urdu hindi,5.0,academic,usa,9.0,True,https://accent.gmu.edu/samples/bengali8/,https://accent.gmu.edu/audio/bengali8.mp3,relaxed_residence,residence 9y (over 5y threshold)
bengali22,bengali,22,male,49.0,"satkhira, bangladesh",bengali,hindi urdu,7.0,academic,usa,14.0,False,https://accent.gmu.edu/samples/bengali22/,https://accent.gmu.edu/audio/bengali22.mp3,relaxed_residence,residence 14y (over 5y threshold)
bengali24,bengali,24,male,59.0,"noakhali, bangladesh",bengali,urdu hindi,7.0,academic,usa,37.0,False,https://accent.gmu.edu/samples/bengali24/,https://accent.gmu.edu/audio/bengali24.mp3,relaxed_residence,residence 37y (over 5y threshold)
bengali19,bengali,19,female,25.0,"hyderabad, telangana, india",bengali,hindi telugu,3.0,academic,usa,0.5,False,https://accent.gmu.edu/samples/bengali19/,https://accent.gmu.edu/audio/bengali19.mp3,primary,residence 0.5y
bengali16,bengali,16,female,24.0,"dhaka, bangladesh",bengali,none,6.0,academic,usa,1.0,False,https://accent.gmu.edu/samples/bengali16/,https://accent.gmu.edu/audio/bengali16.mp3,primary,residence 1y
bengali12,bengali,12,female,25.0,"sylhet, bangladesh",bengali,urdu hindi,4.0,academic,usa,3.0,False,https://accent.gmu.edu/samples/bengali12/,https://accent.gmu.edu/audio/bengali12.mp3,primary,residence 3y
bengali9,bengali,9,female,61.0,"kolkata, india",bengali,hindi,12.0,academic,usa,0.5,True,https://accent.gmu.edu/samples/bengali9/,https://accent.gmu.edu/audio/bengali9.mp3,primary,residence 0.5y
bengali18,bengali,18,female,20.0,"dhaka, bangladesh",bengali,urdu,17.0,academic,usa,5.0,False,https://accent.gmu.edu/samples/bengali18/,https://accent.gmu.edu/audio/bengali18.mp3,relaxed_residence,residence 5y (over 5y threshold)
bengali3,bengali,3,female,19.0,"dhaka, bangladesh",bengali,urdu hindi-urdu spanish,5.0,academic,usa,6.0,True,https://accent.gmu.edu/samples/bengali3/,https://accent.gmu.edu/audio/bengali3.mp3,relaxed_residence,residence 6y (over 5y threshold)
bengali10,bengali,10,female,18.0,"dhaka, bangladesh",bengali,none,3.0,academic,usa,6.0,True,https://accent.gmu.edu/samples/bengali10/,https://accent.gmu.edu/audio/bengali10.mp3,relaxed_residence,residence 6y (over 5y threshold)
bengali13,bengali,13,female,33.0,"dhaka, bangladesh",bengali,hindi urdu arabic,10.0,academic,usa,7.0,False,https://accent.gmu.edu/samples/bengali13/,https://accent.gmu.edu/audio/bengali13.mp3,relaxed_residence,residence 7y (over 5y threshold)
bengali17,bengali,17,female,19.0,"sylhet, bangladesh",bengali,hindi urdu,6.0,academic,usa,13.0,False,https://accent.gmu.edu/samples/bengali17/,https://accent.gmu.edu/audio/bengali17.mp3,relaxed_residence,residence 13y (over 5y threshold)
bengali15,bengali,15,female,46.0,"dhaka, bangladesh",bengali,hindi urdu,8.0,academic,usa,14.0,False,https://accent.gmu.edu/samples/bengali15/,https://accent.gmu.edu/audio/bengali15.mp3,relaxed_residence,residence 14y (over 5y threshold)
bengali5,bengali,5,female,40.0,"dhaka, bangladesh",bengali,urdu hindi,5.0,academic,usa,15.0,True,https://accent.gmu.edu/samples/bengali5/,https://accent.gmu.edu/audio/bengali5.mp3,relaxed_residence,residence 15y (over 5y threshold)
bengali2,bengali,2,female,25.0,"lusaka, zambia",bengali,french,2.0,naturalistic,usa,21.0,True,https://accent.gmu.edu/samples/bengali2/,https://accent.gmu.edu/audio/bengali2.mp3,relaxed_residence,residence 21y (over 5y threshold)
bengali23,bengali,23,female,22.0,"warrenton, virginia, usa",bengali,none,5.0,naturalistic,usa,22.0,False,https://accent.gmu.edu/samples/bengali23/,https://accent.gmu.edu/audio/bengali23.mp3,relaxed_residence,residence 22y (over 5y threshold)
